<?xml version="1.0" encoding="UTF-8" standalone="yes"?>
<manifest>
  <control namespace="thaibathtotext" constructor="thaibathtotext" version="0.0.1" display-name-key="thaibathtotext" description-key="thaibathtotext description" control-type="standard" api-version="1.3.14">
    <external-service-usage enabled="false"/>
    <property name="sampleProperty" display-name-key="Property_Display_Key" description-key="Property_Desc_Key" of-type="SingleLine.Text" usage="bound" required="true"/>
    <property name="inputThaiBath" display-name-key="inputThaiBath_Display_Name" description-key="input_Description" of-type="Currency" usage="bound"/>
    <property name="outputThaiBath" display-name-key="outputThaiBath_Display_Name" description-key="output_Description" of-type="SingleLine.Text" usage="output"/>
    <resources>
      <code path="bundle.js" order="1"/>
    </resources>
    <built-by name="pac" version="1.33.3"/>
  </control>
</manifest>